"dado";"grupo";"tecido";"semana";"elemento";"agrupamento";"relacao";"p.value";"relevancia"
"stats_elementos_G";"fixo";"-";"-";"mutavel";"c";"S / P";0;TRUE
"stats_elementos_G";"fixo";"-";"-";"mutavel";"c";"K / P";0,000811882986203752;TRUE
"stats_elementos_G";"fixo";"-";"-";"mutavel";"c";"Ca / P";0;TRUE
"stats_elementos_G";"fixo";"-";"-";"mutavel";"c";"Mn / P";0;TRUE
"stats_elementos_G";"fixo";"-";"-";"mutavel";"c";"Fe / P";0;TRUE
"stats_elementos_G";"fixo";"-";"-";"mutavel";"c";"Cu / P";0;TRUE
"stats_elementos_G";"fixo";"-";"-";"mutavel";"c";"Zn / P";0;TRUE
"stats_elementos_G";"fixo";"-";"-";"mutavel";"c";"K / S";1,58356075945493e-240;TRUE
"stats_elementos_G";"fixo";"-";"-";"mutavel";"c";"Ca / S";0;TRUE
"stats_elementos_G";"fixo";"-";"-";"mutavel";"c";"Mn / S";0;TRUE
"stats_elementos_G";"fixo";"-";"-";"mutavel";"c";"Fe / S";0;TRUE
"stats_elementos_G";"fixo";"-";"-";"mutavel";"c";"Cu / S";0;TRUE
"stats_elementos_G";"fixo";"-";"-";"mutavel";"c";"Zn / S";0;TRUE
"stats_elementos_G";"fixo";"-";"-";"mutavel";"c";"Ca / K";0;TRUE
"stats_elementos_G";"fixo";"-";"-";"mutavel";"c";"Mn / K";0;TRUE
"stats_elementos_G";"fixo";"-";"-";"mutavel";"c";"Fe / K";0;TRUE
"stats_elementos_G";"fixo";"-";"-";"mutavel";"c";"Cu / K";0;TRUE
"stats_elementos_G";"fixo";"-";"-";"mutavel";"c";"Zn / K";0;TRUE
"stats_elementos_G";"fixo";"-";"-";"mutavel";"c";"Mn / Ca";0;TRUE
"stats_elementos_G";"fixo";"-";"-";"mutavel";"c";"Fe / Ca";0;TRUE
"stats_elementos_G";"fixo";"-";"-";"mutavel";"c";"Cu / Ca";0;TRUE
"stats_elementos_G";"fixo";"-";"-";"mutavel";"c";"Zn / Ca";0;TRUE
"stats_elementos_G";"fixo";"-";"-";"mutavel";"c";"Fe / Mn";0;TRUE
"stats_elementos_G";"fixo";"-";"-";"mutavel";"c";"Cu / Mn";0;TRUE
"stats_elementos_G";"fixo";"-";"-";"mutavel";"c";"Zn / Mn";0;TRUE
"stats_elementos_G";"fixo";"-";"-";"mutavel";"c";"Cu / Fe";0;TRUE
"stats_elementos_G";"fixo";"-";"-";"mutavel";"c";"Zn / Fe";0;TRUE
"stats_elementos_G";"fixo";"-";"-";"mutavel";"c";"Zn / Cu";0;TRUE
"stats_elementos_G";"fixo";"-";"-";"mutavel";"t";"S / P";0;TRUE
"stats_elementos_G";"fixo";"-";"-";"mutavel";"t";"K / P";1,4531147359593e-98;TRUE
"stats_elementos_G";"fixo";"-";"-";"mutavel";"t";"Ca / P";0;TRUE
"stats_elementos_G";"fixo";"-";"-";"mutavel";"t";"Mn / P";0;TRUE
"stats_elementos_G";"fixo";"-";"-";"mutavel";"t";"Fe / P";0;TRUE
"stats_elementos_G";"fixo";"-";"-";"mutavel";"t";"Cu / P";0;TRUE
"stats_elementos_G";"fixo";"-";"-";"mutavel";"t";"Zn / P";0;TRUE
"stats_elementos_G";"fixo";"-";"-";"mutavel";"t";"K / S";0;TRUE
"stats_elementos_G";"fixo";"-";"-";"mutavel";"t";"Ca / S";0;TRUE
"stats_elementos_G";"fixo";"-";"-";"mutavel";"t";"Mn / S";0;TRUE
"stats_elementos_G";"fixo";"-";"-";"mutavel";"t";"Fe / S";0;TRUE
"stats_elementos_G";"fixo";"-";"-";"mutavel";"t";"Cu / S";0;TRUE
"stats_elementos_G";"fixo";"-";"-";"mutavel";"t";"Zn / S";0;TRUE
"stats_elementos_G";"fixo";"-";"-";"mutavel";"t";"Ca / K";0;TRUE
"stats_elementos_G";"fixo";"-";"-";"mutavel";"t";"Mn / K";0;TRUE
"stats_elementos_G";"fixo";"-";"-";"mutavel";"t";"Fe / K";0;TRUE
"stats_elementos_G";"fixo";"-";"-";"mutavel";"t";"Cu / K";0;TRUE
"stats_elementos_G";"fixo";"-";"-";"mutavel";"t";"Zn / K";0;TRUE
"stats_elementos_G";"fixo";"-";"-";"mutavel";"t";"Mn / Ca";0;TRUE
"stats_elementos_G";"fixo";"-";"-";"mutavel";"t";"Fe / Ca";0;TRUE
"stats_elementos_G";"fixo";"-";"-";"mutavel";"t";"Cu / Ca";0;TRUE
"stats_elementos_G";"fixo";"-";"-";"mutavel";"t";"Zn / Ca";2,10385458880186e-09;TRUE
"stats_elementos_G";"fixo";"-";"-";"mutavel";"t";"Fe / Mn";0;TRUE
"stats_elementos_G";"fixo";"-";"-";"mutavel";"t";"Cu / Mn";0;TRUE
"stats_elementos_G";"fixo";"-";"-";"mutavel";"t";"Zn / Mn";0;TRUE
"stats_elementos_G";"fixo";"-";"-";"mutavel";"t";"Cu / Fe";0;TRUE
"stats_elementos_G";"fixo";"-";"-";"mutavel";"t";"Zn / Fe";0;TRUE
"stats_elementos_G";"fixo";"-";"-";"mutavel";"t";"Zn / Cu";0;TRUE
"stats_elementos_GT";"fixo";"fixo";"-";"mutavel";"cf";"S / P";0;TRUE
"stats_elementos_GT";"fixo";"fixo";"-";"mutavel";"cf";"K / P";2,58113364812576e-94;TRUE
"stats_elementos_GT";"fixo";"fixo";"-";"mutavel";"cf";"Ca / P";0;TRUE
"stats_elementos_GT";"fixo";"fixo";"-";"mutavel";"cf";"Mn / P";0;TRUE
"stats_elementos_GT";"fixo";"fixo";"-";"mutavel";"cf";"Fe / P";0;TRUE
"stats_elementos_GT";"fixo";"fixo";"-";"mutavel";"cf";"Cu / P";0;TRUE
"stats_elementos_GT";"fixo";"fixo";"-";"mutavel";"cf";"Zn / P";0;TRUE
"stats_elementos_GT";"fixo";"fixo";"-";"mutavel";"cf";"K / S";7,05447107980276e-99;TRUE
"stats_elementos_GT";"fixo";"fixo";"-";"mutavel";"cf";"Ca / S";0;TRUE
"stats_elementos_GT";"fixo";"fixo";"-";"mutavel";"cf";"Mn / S";0;TRUE
"stats_elementos_GT";"fixo";"fixo";"-";"mutavel";"cf";"Fe / S";0;TRUE
"stats_elementos_GT";"fixo";"fixo";"-";"mutavel";"cf";"Cu / S";0;TRUE
"stats_elementos_GT";"fixo";"fixo";"-";"mutavel";"cf";"Zn / S";0;TRUE
"stats_elementos_GT";"fixo";"fixo";"-";"mutavel";"cf";"Ca / K";0;TRUE
"stats_elementos_GT";"fixo";"fixo";"-";"mutavel";"cf";"Mn / K";0;TRUE
"stats_elementos_GT";"fixo";"fixo";"-";"mutavel";"cf";"Fe / K";0;TRUE
"stats_elementos_GT";"fixo";"fixo";"-";"mutavel";"cf";"Cu / K";0;TRUE
"stats_elementos_GT";"fixo";"fixo";"-";"mutavel";"cf";"Zn / K";0;TRUE
"stats_elementos_GT";"fixo";"fixo";"-";"mutavel";"cf";"Mn / Ca";0;TRUE
"stats_elementos_GT";"fixo";"fixo";"-";"mutavel";"cf";"Fe / Ca";0;TRUE
"stats_elementos_GT";"fixo";"fixo";"-";"mutavel";"cf";"Cu / Ca";0;TRUE
"stats_elementos_GT";"fixo";"fixo";"-";"mutavel";"cf";"Zn / Ca";0;TRUE
"stats_elementos_GT";"fixo";"fixo";"-";"mutavel";"cf";"Fe / Mn";0;TRUE
"stats_elementos_GT";"fixo";"fixo";"-";"mutavel";"cf";"Cu / Mn";0;TRUE
"stats_elementos_GT";"fixo";"fixo";"-";"mutavel";"cf";"Zn / Mn";0;TRUE
"stats_elementos_GT";"fixo";"fixo";"-";"mutavel";"cf";"Cu / Fe";0;TRUE
"stats_elementos_GT";"fixo";"fixo";"-";"mutavel";"cf";"Zn / Fe";0;TRUE
"stats_elementos_GT";"fixo";"fixo";"-";"mutavel";"cf";"Zn / Cu";0;TRUE
"stats_elementos_GT";"fixo";"fixo";"-";"mutavel";"cp";"S / P";3,00270513372755e-130;TRUE
"stats_elementos_GT";"fixo";"fixo";"-";"mutavel";"cp";"K / P";0;TRUE
"stats_elementos_GT";"fixo";"fixo";"-";"mutavel";"cp";"Ca / P";2,08119333251912e-29;TRUE
"stats_elementos_GT";"fixo";"fixo";"-";"mutavel";"cp";"Mn / P";0;TRUE
"stats_elementos_GT";"fixo";"fixo";"-";"mutavel";"cp";"Fe / P";2,3806513048845e-162;TRUE
"stats_elementos_GT";"fixo";"fixo";"-";"mutavel";"cp";"Cu / P";4,84049239608877e-272;TRUE
"stats_elementos_GT";"fixo";"fixo";"-";"mutavel";"cp";"Zn / P";7,89379691868904e-244;TRUE
"stats_elementos_GT";"fixo";"fixo";"-";"mutavel";"cp";"K / S";0;TRUE
"stats_elementos_GT";"fixo";"fixo";"-";"mutavel";"cp";"Ca / S";2,22665125818488e-215;TRUE
"stats_elementos_GT";"fixo";"fixo";"-";"mutavel";"cp";"Mn / S";0;TRUE
"stats_elementos_GT";"fixo";"fixo";"-";"mutavel";"cp";"Fe / S";4,68197121409864e-18;TRUE
"stats_elementos_GT";"fixo";"fixo";"-";"mutavel";"cp";"Cu / S";0;TRUE
"stats_elementos_GT";"fixo";"fixo";"-";"mutavel";"cp";"Zn / S";0;TRUE
"stats_elementos_GT";"fixo";"fixo";"-";"mutavel";"cp";"Ca / K";0;TRUE
"stats_elementos_GT";"fixo";"fixo";"-";"mutavel";"cp";"Mn / K";0;TRUE
"stats_elementos_GT";"fixo";"fixo";"-";"mutavel";"cp";"Fe / K";0;TRUE
"stats_elementos_GT";"fixo";"fixo";"-";"mutavel";"cp";"Cu / K";0;TRUE
"stats_elementos_GT";"fixo";"fixo";"-";"mutavel";"cp";"Zn / K";0;TRUE
"stats_elementos_GT";"fixo";"fixo";"-";"mutavel";"cp";"Mn / Ca";0;TRUE
"stats_elementos_GT";"fixo";"fixo";"-";"mutavel";"cp";"Fe / Ca";3,36409840496076e-246;TRUE
"stats_elementos_GT";"fixo";"fixo";"-";"mutavel";"cp";"Cu / Ca";3,51539792865317e-137;TRUE
"stats_elementos_GT";"fixo";"fixo";"-";"mutavel";"cp";"Zn / Ca";5,12654954377799e-114;TRUE
"stats_elementos_GT";"fixo";"fixo";"-";"mutavel";"cp";"Fe / Mn";0;TRUE
"stats_elementos_GT";"fixo";"fixo";"-";"mutavel";"cp";"Cu / Mn";0;TRUE
"stats_elementos_GT";"fixo";"fixo";"-";"mutavel";"cp";"Zn / Mn";1,66202568521982e-104;TRUE
"stats_elementos_GT";"fixo";"fixo";"-";"mutavel";"cp";"Cu / Fe";0;TRUE
"stats_elementos_GT";"fixo";"fixo";"-";"mutavel";"cp";"Zn / Fe";0;TRUE
"stats_elementos_GT";"fixo";"fixo";"-";"mutavel";"cp";"Zn / Cu";0,108124125108747;FALSE
"stats_elementos_GT";"fixo";"fixo";"-";"mutavel";"tf";"S / P";4,20049416731333e-290;TRUE
"stats_elementos_GT";"fixo";"fixo";"-";"mutavel";"tf";"K / P";1,0021256593673e-53;TRUE
"stats_elementos_GT";"fixo";"fixo";"-";"mutavel";"tf";"Ca / P";0;TRUE
"stats_elementos_GT";"fixo";"fixo";"-";"mutavel";"tf";"Mn / P";0;TRUE
"stats_elementos_GT";"fixo";"fixo";"-";"mutavel";"tf";"Fe / P";0;TRUE
"stats_elementos_GT";"fixo";"fixo";"-";"mutavel";"tf";"Cu / P";0;TRUE
"stats_elementos_GT";"fixo";"fixo";"-";"mutavel";"tf";"Zn / P";0;TRUE
"stats_elementos_GT";"fixo";"fixo";"-";"mutavel";"tf";"K / S";0;TRUE
"stats_elementos_GT";"fixo";"fixo";"-";"mutavel";"tf";"Ca / S";0;TRUE
"stats_elementos_GT";"fixo";"fixo";"-";"mutavel";"tf";"Mn / S";0;TRUE
"stats_elementos_GT";"fixo";"fixo";"-";"mutavel";"tf";"Fe / S";0;TRUE
"stats_elementos_GT";"fixo";"fixo";"-";"mutavel";"tf";"Cu / S";0;TRUE
"stats_elementos_GT";"fixo";"fixo";"-";"mutavel";"tf";"Zn / S";0;TRUE
"stats_elementos_GT";"fixo";"fixo";"-";"mutavel";"tf";"Ca / K";0;TRUE
"stats_elementos_GT";"fixo";"fixo";"-";"mutavel";"tf";"Mn / K";0;TRUE
"stats_elementos_GT";"fixo";"fixo";"-";"mutavel";"tf";"Fe / K";0;TRUE
"stats_elementos_GT";"fixo";"fixo";"-";"mutavel";"tf";"Cu / K";0;TRUE
"stats_elementos_GT";"fixo";"fixo";"-";"mutavel";"tf";"Zn / K";0;TRUE
"stats_elementos_GT";"fixo";"fixo";"-";"mutavel";"tf";"Mn / Ca";0;TRUE
"stats_elementos_GT";"fixo";"fixo";"-";"mutavel";"tf";"Fe / Ca";0;TRUE
"stats_elementos_GT";"fixo";"fixo";"-";"mutavel";"tf";"Cu / Ca";0;TRUE
"stats_elementos_GT";"fixo";"fixo";"-";"mutavel";"tf";"Zn / Ca";0;TRUE
"stats_elementos_GT";"fixo";"fixo";"-";"mutavel";"tf";"Fe / Mn";0;TRUE
"stats_elementos_GT";"fixo";"fixo";"-";"mutavel";"tf";"Cu / Mn";0;TRUE
"stats_elementos_GT";"fixo";"fixo";"-";"mutavel";"tf";"Zn / Mn";0;TRUE
"stats_elementos_GT";"fixo";"fixo";"-";"mutavel";"tf";"Cu / Fe";0;TRUE
"stats_elementos_GT";"fixo";"fixo";"-";"mutavel";"tf";"Zn / Fe";2,75556019605903e-20;TRUE
"stats_elementos_GT";"fixo";"fixo";"-";"mutavel";"tf";"Zn / Cu";0;TRUE
"stats_elementos_GT";"fixo";"fixo";"-";"mutavel";"tp";"S / P";3,80914201840648e-224;TRUE
"stats_elementos_GT";"fixo";"fixo";"-";"mutavel";"tp";"K / P";0;TRUE
"stats_elementos_GT";"fixo";"fixo";"-";"mutavel";"tp";"Ca / P";9,10144700943709e-36;TRUE
"stats_elementos_GT";"fixo";"fixo";"-";"mutavel";"tp";"Mn / P";0;TRUE
"stats_elementos_GT";"fixo";"fixo";"-";"mutavel";"tp";"Fe / P";2,69163372482634e-57;TRUE
"stats_elementos_GT";"fixo";"fixo";"-";"mutavel";"tp";"Cu / P";0;TRUE
"stats_elementos_GT";"fixo";"fixo";"-";"mutavel";"tp";"Zn / P";0;TRUE
"stats_elementos_GT";"fixo";"fixo";"-";"mutavel";"tp";"K / S";0;TRUE
"stats_elementos_GT";"fixo";"fixo";"-";"mutavel";"tp";"Ca / S";0;TRUE
"stats_elementos_GT";"fixo";"fixo";"-";"mutavel";"tp";"Mn / S";0;TRUE
"stats_elementos_GT";"fixo";"fixo";"-";"mutavel";"tp";"Fe / S";1,65237462284394e-37;TRUE
"stats_elementos_GT";"fixo";"fixo";"-";"mutavel";"tp";"Cu / S";0;TRUE
"stats_elementos_GT";"fixo";"fixo";"-";"mutavel";"tp";"Zn / S";0;TRUE
"stats_elementos_GT";"fixo";"fixo";"-";"mutavel";"tp";"Ca / K";0;TRUE
"stats_elementos_GT";"fixo";"fixo";"-";"mutavel";"tp";"Mn / K";0;TRUE
"stats_elementos_GT";"fixo";"fixo";"-";"mutavel";"tp";"Fe / K";0;TRUE
"stats_elementos_GT";"fixo";"fixo";"-";"mutavel";"tp";"Cu / K";0;TRUE
"stats_elementos_GT";"fixo";"fixo";"-";"mutavel";"tp";"Zn / K";0;TRUE
"stats_elementos_GT";"fixo";"fixo";"-";"mutavel";"tp";"Mn / Ca";0;TRUE
"stats_elementos_GT";"fixo";"fixo";"-";"mutavel";"tp";"Fe / Ca";8,7877481479855e-149;TRUE
"stats_elementos_GT";"fixo";"fixo";"-";"mutavel";"tp";"Cu / Ca";4,59081407642114e-213;TRUE
"stats_elementos_GT";"fixo";"fixo";"-";"mutavel";"tp";"Zn / Ca";1,47040550765605e-189;TRUE
"stats_elementos_GT";"fixo";"fixo";"-";"mutavel";"tp";"Fe / Mn";0;TRUE
"stats_elementos_GT";"fixo";"fixo";"-";"mutavel";"tp";"Cu / Mn";0;TRUE
"stats_elementos_GT";"fixo";"fixo";"-";"mutavel";"tp";"Zn / Mn";3,34314454331691e-112;TRUE
"stats_elementos_GT";"fixo";"fixo";"-";"mutavel";"tp";"Cu / Fe";0;TRUE
"stats_elementos_GT";"fixo";"fixo";"-";"mutavel";"tp";"Zn / Fe";0;TRUE
"stats_elementos_GT";"fixo";"fixo";"-";"mutavel";"tp";"Zn / Cu";3,97294451774585e-08;TRUE
"stats_elementos_GT";"fixo";"fixo";"-";"mutavel";"tt";"S / P";0;TRUE
"stats_elementos_GT";"fixo";"fixo";"-";"mutavel";"tt";"K / P";3,11899996754061e-42;TRUE
"stats_elementos_GT";"fixo";"fixo";"-";"mutavel";"tt";"Ca / P";0;TRUE
"stats_elementos_GT";"fixo";"fixo";"-";"mutavel";"tt";"Mn / P";0;TRUE
"stats_elementos_GT";"fixo";"fixo";"-";"mutavel";"tt";"Fe / P";0;TRUE
"stats_elementos_GT";"fixo";"fixo";"-";"mutavel";"tt";"Cu / P";0;TRUE
"stats_elementos_GT";"fixo";"fixo";"-";"mutavel";"tt";"Zn / P";0;TRUE
"stats_elementos_GT";"fixo";"fixo";"-";"mutavel";"tt";"K / S";0;TRUE
"stats_elementos_GT";"fixo";"fixo";"-";"mutavel";"tt";"Ca / S";0;TRUE
"stats_elementos_GT";"fixo";"fixo";"-";"mutavel";"tt";"Mn / S";0;TRUE
"stats_elementos_GT";"fixo";"fixo";"-";"mutavel";"tt";"Fe / S";0;TRUE
"stats_elementos_GT";"fixo";"fixo";"-";"mutavel";"tt";"Cu / S";0;TRUE
"stats_elementos_GT";"fixo";"fixo";"-";"mutavel";"tt";"Zn / S";0;TRUE
"stats_elementos_GT";"fixo";"fixo";"-";"mutavel";"tt";"Ca / K";0;TRUE
"stats_elementos_GT";"fixo";"fixo";"-";"mutavel";"tt";"Mn / K";0;TRUE
"stats_elementos_GT";"fixo";"fixo";"-";"mutavel";"tt";"Fe / K";0;TRUE
"stats_elementos_GT";"fixo";"fixo";"-";"mutavel";"tt";"Cu / K";0;TRUE
"stats_elementos_GT";"fixo";"fixo";"-";"mutavel";"tt";"Zn / K";0;TRUE
"stats_elementos_GT";"fixo";"fixo";"-";"mutavel";"tt";"Mn / Ca";0;TRUE
"stats_elementos_GT";"fixo";"fixo";"-";"mutavel";"tt";"Fe / Ca";8,60335992643004e-28;TRUE
"stats_elementos_GT";"fixo";"fixo";"-";"mutavel";"tt";"Cu / Ca";0;TRUE
"stats_elementos_GT";"fixo";"fixo";"-";"mutavel";"tt";"Zn / Ca";0;TRUE
"stats_elementos_GT";"fixo";"fixo";"-";"mutavel";"tt";"Fe / Mn";0;TRUE
"stats_elementos_GT";"fixo";"fixo";"-";"mutavel";"tt";"Cu / Mn";0;TRUE
"stats_elementos_GT";"fixo";"fixo";"-";"mutavel";"tt";"Zn / Mn";0;TRUE
"stats_elementos_GT";"fixo";"fixo";"-";"mutavel";"tt";"Cu / Fe";0;TRUE
"stats_elementos_GT";"fixo";"fixo";"-";"mutavel";"tt";"Zn / Fe";0;TRUE
"stats_elementos_GT";"fixo";"fixo";"-";"mutavel";"tt";"Zn / Cu";0;TRUE
"stats_elementos_GTS";"fixo";"fixo";"fixo";"mutavel";"cf0";"S / P";0;TRUE
"stats_elementos_GTS";"fixo";"fixo";"fixo";"mutavel";"cf0";"K / P";0;TRUE
"stats_elementos_GTS";"fixo";"fixo";"fixo";"mutavel";"cf0";"Ca / P";0;TRUE
"stats_elementos_GTS";"fixo";"fixo";"fixo";"mutavel";"cf0";"Mn / P";0;TRUE
"stats_elementos_GTS";"fixo";"fixo";"fixo";"mutavel";"cf0";"Fe / P";0;TRUE
"stats_elementos_GTS";"fixo";"fixo";"fixo";"mutavel";"cf0";"Cu / P";0;TRUE
"stats_elementos_GTS";"fixo";"fixo";"fixo";"mutavel";"cf0";"Zn / P";0;TRUE
"stats_elementos_GTS";"fixo";"fixo";"fixo";"mutavel";"cf0";"K / S";2,5040054631095e-11;TRUE
"stats_elementos_GTS";"fixo";"fixo";"fixo";"mutavel";"cf0";"Ca / S";0;TRUE
"stats_elementos_GTS";"fixo";"fixo";"fixo";"mutavel";"cf0";"Mn / S";0;TRUE
"stats_elementos_GTS";"fixo";"fixo";"fixo";"mutavel";"cf0";"Fe / S";0;TRUE
"stats_elementos_GTS";"fixo";"fixo";"fixo";"mutavel";"cf0";"Cu / S";0;TRUE
"stats_elementos_GTS";"fixo";"fixo";"fixo";"mutavel";"cf0";"Zn / S";0;TRUE
"stats_elementos_GTS";"fixo";"fixo";"fixo";"mutavel";"cf0";"Ca / K";0;TRUE
"stats_elementos_GTS";"fixo";"fixo";"fixo";"mutavel";"cf0";"Mn / K";0;TRUE
"stats_elementos_GTS";"fixo";"fixo";"fixo";"mutavel";"cf0";"Fe / K";0;TRUE
"stats_elementos_GTS";"fixo";"fixo";"fixo";"mutavel";"cf0";"Cu / K";0;TRUE
"stats_elementos_GTS";"fixo";"fixo";"fixo";"mutavel";"cf0";"Zn / K";0;TRUE
"stats_elementos_GTS";"fixo";"fixo";"fixo";"mutavel";"cf0";"Mn / Ca";0;TRUE
"stats_elementos_GTS";"fixo";"fixo";"fixo";"mutavel";"cf0";"Fe / Ca";0;TRUE
"stats_elementos_GTS";"fixo";"fixo";"fixo";"mutavel";"cf0";"Cu / Ca";1,86373766613313e-131;TRUE
"stats_elementos_GTS";"fixo";"fixo";"fixo";"mutavel";"cf0";"Zn / Ca";0;TRUE
"stats_elementos_GTS";"fixo";"fixo";"fixo";"mutavel";"cf0";"Fe / Mn";0;TRUE
"stats_elementos_GTS";"fixo";"fixo";"fixo";"mutavel";"cf0";"Cu / Mn";0;TRUE
"stats_elementos_GTS";"fixo";"fixo";"fixo";"mutavel";"cf0";"Zn / Mn";0;TRUE
"stats_elementos_GTS";"fixo";"fixo";"fixo";"mutavel";"cf0";"Cu / Fe";0;TRUE
"stats_elementos_GTS";"fixo";"fixo";"fixo";"mutavel";"cf0";"Zn / Fe";7,90345937491896e-262;TRUE
"stats_elementos_GTS";"fixo";"fixo";"fixo";"mutavel";"cf0";"Zn / Cu";0;TRUE
"stats_elementos_GTS";"fixo";"fixo";"fixo";"mutavel";"cf1";"S / P";0;TRUE
"stats_elementos_GTS";"fixo";"fixo";"fixo";"mutavel";"cf1";"K / P";0;TRUE
"stats_elementos_GTS";"fixo";"fixo";"fixo";"mutavel";"cf1";"Ca / P";0;TRUE
"stats_elementos_GTS";"fixo";"fixo";"fixo";"mutavel";"cf1";"Mn / P";0;TRUE
"stats_elementos_GTS";"fixo";"fixo";"fixo";"mutavel";"cf1";"Fe / P";0;TRUE
"stats_elementos_GTS";"fixo";"fixo";"fixo";"mutavel";"cf1";"Cu / P";0;TRUE
"stats_elementos_GTS";"fixo";"fixo";"fixo";"mutavel";"cf1";"Zn / P";0;TRUE
"stats_elementos_GTS";"fixo";"fixo";"fixo";"mutavel";"cf1";"K / S";1,0626679249135e-25;TRUE
"stats_elementos_GTS";"fixo";"fixo";"fixo";"mutavel";"cf1";"Ca / S";0;TRUE
"stats_elementos_GTS";"fixo";"fixo";"fixo";"mutavel";"cf1";"Mn / S";0;TRUE
"stats_elementos_GTS";"fixo";"fixo";"fixo";"mutavel";"cf1";"Fe / S";0;TRUE
"stats_elementos_GTS";"fixo";"fixo";"fixo";"mutavel";"cf1";"Cu / S";0;TRUE
"stats_elementos_GTS";"fixo";"fixo";"fixo";"mutavel";"cf1";"Zn / S";0;TRUE
"stats_elementos_GTS";"fixo";"fixo";"fixo";"mutavel";"cf1";"Ca / K";0;TRUE
"stats_elementos_GTS";"fixo";"fixo";"fixo";"mutavel";"cf1";"Mn / K";0;TRUE
"stats_elementos_GTS";"fixo";"fixo";"fixo";"mutavel";"cf1";"Fe / K";0;TRUE
"stats_elementos_GTS";"fixo";"fixo";"fixo";"mutavel";"cf1";"Cu / K";0;TRUE
"stats_elementos_GTS";"fixo";"fixo";"fixo";"mutavel";"cf1";"Zn / K";0;TRUE
"stats_elementos_GTS";"fixo";"fixo";"fixo";"mutavel";"cf1";"Mn / Ca";0;TRUE
"stats_elementos_GTS";"fixo";"fixo";"fixo";"mutavel";"cf1";"Fe / Ca";0;TRUE
"stats_elementos_GTS";"fixo";"fixo";"fixo";"mutavel";"cf1";"Cu / Ca";0;TRUE
"stats_elementos_GTS";"fixo";"fixo";"fixo";"mutavel";"cf1";"Zn / Ca";7,20972773020284e-139;TRUE
"stats_elementos_GTS";"fixo";"fixo";"fixo";"mutavel";"cf1";"Fe / Mn";0;TRUE
"stats_elementos_GTS";"fixo";"fixo";"fixo";"mutavel";"cf1";"Cu / Mn";0;TRUE
"stats_elementos_GTS";"fixo";"fixo";"fixo";"mutavel";"cf1";"Zn / Mn";0;TRUE
"stats_elementos_GTS";"fixo";"fixo";"fixo";"mutavel";"cf1";"Cu / Fe";0;TRUE
"stats_elementos_GTS";"fixo";"fixo";"fixo";"mutavel";"cf1";"Zn / Fe";3,3558563526745e-211;TRUE
"stats_elementos_GTS";"fixo";"fixo";"fixo";"mutavel";"cf1";"Zn / Cu";0;TRUE
"stats_elementos_GTS";"fixo";"fixo";"fixo";"mutavel";"cf3";"S / P";1,15553434534891e-211;TRUE
"stats_elementos_GTS";"fixo";"fixo";"fixo";"mutavel";"cf3";"K / P";7,41547422650949e-172;TRUE
"stats_elementos_GTS";"fixo";"fixo";"fixo";"mutavel";"cf3";"Ca / P";0;TRUE
"stats_elementos_GTS";"fixo";"fixo";"fixo";"mutavel";"cf3";"Mn / P";0;TRUE
"stats_elementos_GTS";"fixo";"fixo";"fixo";"mutavel";"cf3";"Fe / P";0;TRUE
"stats_elementos_GTS";"fixo";"fixo";"fixo";"mutavel";"cf3";"Cu / P";0;TRUE
"stats_elementos_GTS";"fixo";"fixo";"fixo";"mutavel";"cf3";"Zn / P";0;TRUE
"stats_elementos_GTS";"fixo";"fixo";"fixo";"mutavel";"cf3";"K / S";0,0208522689554747;TRUE
"stats_elementos_GTS";"fixo";"fixo";"fixo";"mutavel";"cf3";"Ca / S";0;TRUE
"stats_elementos_GTS";"fixo";"fixo";"fixo";"mutavel";"cf3";"Mn / S";0;TRUE
"stats_elementos_GTS";"fixo";"fixo";"fixo";"mutavel";"cf3";"Fe / S";0;TRUE
"stats_elementos_GTS";"fixo";"fixo";"fixo";"mutavel";"cf3";"Cu / S";0;TRUE
"stats_elementos_GTS";"fixo";"fixo";"fixo";"mutavel";"cf3";"Zn / S";0;TRUE
"stats_elementos_GTS";"fixo";"fixo";"fixo";"mutavel";"cf3";"Ca / K";0;TRUE
"stats_elementos_GTS";"fixo";"fixo";"fixo";"mutavel";"cf3";"Mn / K";0;TRUE
"stats_elementos_GTS";"fixo";"fixo";"fixo";"mutavel";"cf3";"Fe / K";0;TRUE
"stats_elementos_GTS";"fixo";"fixo";"fixo";"mutavel";"cf3";"Cu / K";0;TRUE
"stats_elementos_GTS";"fixo";"fixo";"fixo";"mutavel";"cf3";"Zn / K";0;TRUE
"stats_elementos_GTS";"fixo";"fixo";"fixo";"mutavel";"cf3";"Mn / Ca";0;TRUE
"stats_elementos_GTS";"fixo";"fixo";"fixo";"mutavel";"cf3";"Fe / Ca";0;TRUE
"stats_elementos_GTS";"fixo";"fixo";"fixo";"mutavel";"cf3";"Cu / Ca";6,49699554568229e-50;TRUE
"stats_elementos_GTS";"fixo";"fixo";"fixo";"mutavel";"cf3";"Zn / Ca";0;TRUE
"stats_elementos_GTS";"fixo";"fixo";"fixo";"mutavel";"cf3";"Fe / Mn";0;TRUE
"stats_elementos_GTS";"fixo";"fixo";"fixo";"mutavel";"cf3";"Cu / Mn";0;TRUE
"stats_elementos_GTS";"fixo";"fixo";"fixo";"mutavel";"cf3";"Zn / Mn";0;TRUE
"stats_elementos_GTS";"fixo";"fixo";"fixo";"mutavel";"cf3";"Cu / Fe";0;TRUE
"stats_elementos_GTS";"fixo";"fixo";"fixo";"mutavel";"cf3";"Zn / Fe";0;TRUE
"stats_elementos_GTS";"fixo";"fixo";"fixo";"mutavel";"cf3";"Zn / Cu";0;TRUE
"stats_elementos_GTS";"fixo";"fixo";"fixo";"mutavel";"cf5";"S / P";4,25295692581511e-09;TRUE
"stats_elementos_GTS";"fixo";"fixo";"fixo";"mutavel";"cf5";"K / P";0;TRUE
"stats_elementos_GTS";"fixo";"fixo";"fixo";"mutavel";"cf5";"Ca / P";0;TRUE
"stats_elementos_GTS";"fixo";"fixo";"fixo";"mutavel";"cf5";"Mn / P";0;TRUE
"stats_elementos_GTS";"fixo";"fixo";"fixo";"mutavel";"cf5";"Fe / P";0;TRUE
"stats_elementos_GTS";"fixo";"fixo";"fixo";"mutavel";"cf5";"Cu / P";0;TRUE
"stats_elementos_GTS";"fixo";"fixo";"fixo";"mutavel";"cf5";"Zn / P";0;TRUE
"stats_elementos_GTS";"fixo";"fixo";"fixo";"mutavel";"cf5";"K / S";0;TRUE
"stats_elementos_GTS";"fixo";"fixo";"fixo";"mutavel";"cf5";"Ca / S";0;TRUE
"stats_elementos_GTS";"fixo";"fixo";"fixo";"mutavel";"cf5";"Mn / S";0;TRUE
"stats_elementos_GTS";"fixo";"fixo";"fixo";"mutavel";"cf5";"Fe / S";0;TRUE
"stats_elementos_GTS";"fixo";"fixo";"fixo";"mutavel";"cf5";"Cu / S";0;TRUE
"stats_elementos_GTS";"fixo";"fixo";"fixo";"mutavel";"cf5";"Zn / S";0;TRUE
"stats_elementos_GTS";"fixo";"fixo";"fixo";"mutavel";"cf5";"Ca / K";0;TRUE
"stats_elementos_GTS";"fixo";"fixo";"fixo";"mutavel";"cf5";"Mn / K";0;TRUE
"stats_elementos_GTS";"fixo";"fixo";"fixo";"mutavel";"cf5";"Fe / K";0;TRUE
"stats_elementos_GTS";"fixo";"fixo";"fixo";"mutavel";"cf5";"Cu / K";0;TRUE
"stats_elementos_GTS";"fixo";"fixo";"fixo";"mutavel";"cf5";"Zn / K";0;TRUE
"stats_elementos_GTS";"fixo";"fixo";"fixo";"mutavel";"cf5";"Mn / Ca";0;TRUE
"stats_elementos_GTS";"fixo";"fixo";"fixo";"mutavel";"cf5";"Fe / Ca";0;TRUE
"stats_elementos_GTS";"fixo";"fixo";"fixo";"mutavel";"cf5";"Cu / Ca";2,75325830006732e-220;TRUE
"stats_elementos_GTS";"fixo";"fixo";"fixo";"mutavel";"cf5";"Zn / Ca";0;TRUE
"stats_elementos_GTS";"fixo";"fixo";"fixo";"mutavel";"cf5";"Fe / Mn";0;TRUE
"stats_elementos_GTS";"fixo";"fixo";"fixo";"mutavel";"cf5";"Cu / Mn";0;TRUE
"stats_elementos_GTS";"fixo";"fixo";"fixo";"mutavel";"cf5";"Zn / Mn";0;TRUE
"stats_elementos_GTS";"fixo";"fixo";"fixo";"mutavel";"cf5";"Cu / Fe";0;TRUE
"stats_elementos_GTS";"fixo";"fixo";"fixo";"mutavel";"cf5";"Zn / Fe";0;TRUE
"stats_elementos_GTS";"fixo";"fixo";"fixo";"mutavel";"cf5";"Zn / Cu";0;TRUE
"stats_elementos_GTS";"fixo";"fixo";"fixo";"mutavel";"cp5";"S / P";3,00270513372755e-130;TRUE
"stats_elementos_GTS";"fixo";"fixo";"fixo";"mutavel";"cp5";"K / P";0;TRUE
"stats_elementos_GTS";"fixo";"fixo";"fixo";"mutavel";"cp5";"Ca / P";2,08119333251912e-29;TRUE
"stats_elementos_GTS";"fixo";"fixo";"fixo";"mutavel";"cp5";"Mn / P";0;TRUE
"stats_elementos_GTS";"fixo";"fixo";"fixo";"mutavel";"cp5";"Fe / P";2,3806513048845e-162;TRUE
"stats_elementos_GTS";"fixo";"fixo";"fixo";"mutavel";"cp5";"Cu / P";4,84049239608877e-272;TRUE
"stats_elementos_GTS";"fixo";"fixo";"fixo";"mutavel";"cp5";"Zn / P";7,89379691868904e-244;TRUE
"stats_elementos_GTS";"fixo";"fixo";"fixo";"mutavel";"cp5";"K / S";0;TRUE
"stats_elementos_GTS";"fixo";"fixo";"fixo";"mutavel";"cp5";"Ca / S";2,22665125818488e-215;TRUE
"stats_elementos_GTS";"fixo";"fixo";"fixo";"mutavel";"cp5";"Mn / S";0;TRUE
"stats_elementos_GTS";"fixo";"fixo";"fixo";"mutavel";"cp5";"Fe / S";4,68197121409864e-18;TRUE
"stats_elementos_GTS";"fixo";"fixo";"fixo";"mutavel";"cp5";"Cu / S";0;TRUE
"stats_elementos_GTS";"fixo";"fixo";"fixo";"mutavel";"cp5";"Zn / S";0;TRUE
"stats_elementos_GTS";"fixo";"fixo";"fixo";"mutavel";"cp5";"Ca / K";0;TRUE
"stats_elementos_GTS";"fixo";"fixo";"fixo";"mutavel";"cp5";"Mn / K";0;TRUE
"stats_elementos_GTS";"fixo";"fixo";"fixo";"mutavel";"cp5";"Fe / K";0;TRUE
"stats_elementos_GTS";"fixo";"fixo";"fixo";"mutavel";"cp5";"Cu / K";0;TRUE
"stats_elementos_GTS";"fixo";"fixo";"fixo";"mutavel";"cp5";"Zn / K";0;TRUE
"stats_elementos_GTS";"fixo";"fixo";"fixo";"mutavel";"cp5";"Mn / Ca";0;TRUE
"stats_elementos_GTS";"fixo";"fixo";"fixo";"mutavel";"cp5";"Fe / Ca";3,36409840496076e-246;TRUE
"stats_elementos_GTS";"fixo";"fixo";"fixo";"mutavel";"cp5";"Cu / Ca";3,51539792865317e-137;TRUE
"stats_elementos_GTS";"fixo";"fixo";"fixo";"mutavel";"cp5";"Zn / Ca";5,12654954377799e-114;TRUE
"stats_elementos_GTS";"fixo";"fixo";"fixo";"mutavel";"cp5";"Fe / Mn";0;TRUE
"stats_elementos_GTS";"fixo";"fixo";"fixo";"mutavel";"cp5";"Cu / Mn";0;TRUE
"stats_elementos_GTS";"fixo";"fixo";"fixo";"mutavel";"cp5";"Zn / Mn";1,66202568521982e-104;TRUE
"stats_elementos_GTS";"fixo";"fixo";"fixo";"mutavel";"cp5";"Cu / Fe";0;TRUE
"stats_elementos_GTS";"fixo";"fixo";"fixo";"mutavel";"cp5";"Zn / Fe";0;TRUE
"stats_elementos_GTS";"fixo";"fixo";"fixo";"mutavel";"cp5";"Zn / Cu";0,108124125108747;FALSE
"stats_elementos_GTS";"fixo";"fixo";"fixo";"mutavel";"tf1";"S / P";1,70189685193506e-231;TRUE
"stats_elementos_GTS";"fixo";"fixo";"fixo";"mutavel";"tf1";"K / P";2,79673860810154e-80;TRUE
"stats_elementos_GTS";"fixo";"fixo";"fixo";"mutavel";"tf1";"Ca / P";0;TRUE
"stats_elementos_GTS";"fixo";"fixo";"fixo";"mutavel";"tf1";"Mn / P";0;TRUE
"stats_elementos_GTS";"fixo";"fixo";"fixo";"mutavel";"tf1";"Fe / P";0;TRUE
"stats_elementos_GTS";"fixo";"fixo";"fixo";"mutavel";"tf1";"Cu / P";0;TRUE
"stats_elementos_GTS";"fixo";"fixo";"fixo";"mutavel";"tf1";"Zn / P";0;TRUE
"stats_elementos_GTS";"fixo";"fixo";"fixo";"mutavel";"tf1";"K / S";0,0204169483980392;TRUE
"stats_elementos_GTS";"fixo";"fixo";"fixo";"mutavel";"tf1";"Ca / S";0;TRUE
"stats_elementos_GTS";"fixo";"fixo";"fixo";"mutavel";"tf1";"Mn / S";0;TRUE
"stats_elementos_GTS";"fixo";"fixo";"fixo";"mutavel";"tf1";"Fe / S";0;TRUE
"stats_elementos_GTS";"fixo";"fixo";"fixo";"mutavel";"tf1";"Cu / S";0;TRUE
"stats_elementos_GTS";"fixo";"fixo";"fixo";"mutavel";"tf1";"Zn / S";0;TRUE
"stats_elementos_GTS";"fixo";"fixo";"fixo";"mutavel";"tf1";"Ca / K";0;TRUE
"stats_elementos_GTS";"fixo";"fixo";"fixo";"mutavel";"tf1";"Mn / K";0;TRUE
"stats_elementos_GTS";"fixo";"fixo";"fixo";"mutavel";"tf1";"Fe / K";0;TRUE
"stats_elementos_GTS";"fixo";"fixo";"fixo";"mutavel";"tf1";"Cu / K";0;TRUE
"stats_elementos_GTS";"fixo";"fixo";"fixo";"mutavel";"tf1";"Zn / K";0;TRUE
"stats_elementos_GTS";"fixo";"fixo";"fixo";"mutavel";"tf1";"Mn / Ca";0;TRUE
"stats_elementos_GTS";"fixo";"fixo";"fixo";"mutavel";"tf1";"Fe / Ca";1,74575030307212e-05;TRUE
"stats_elementos_GTS";"fixo";"fixo";"fixo";"mutavel";"tf1";"Cu / Ca";0;TRUE
"stats_elementos_GTS";"fixo";"fixo";"fixo";"mutavel";"tf1";"Zn / Ca";0,0227177002711949;TRUE
"stats_elementos_GTS";"fixo";"fixo";"fixo";"mutavel";"tf1";"Fe / Mn";0;TRUE
"stats_elementos_GTS";"fixo";"fixo";"fixo";"mutavel";"tf1";"Cu / Mn";0;TRUE
"stats_elementos_GTS";"fixo";"fixo";"fixo";"mutavel";"tf1";"Zn / Mn";0;TRUE
"stats_elementos_GTS";"fixo";"fixo";"fixo";"mutavel";"tf1";"Cu / Fe";1,24502532269457e-226;TRUE
"stats_elementos_GTS";"fixo";"fixo";"fixo";"mutavel";"tf1";"Zn / Fe";1,08990887361965e-22;TRUE
"stats_elementos_GTS";"fixo";"fixo";"fixo";"mutavel";"tf1";"Zn / Cu";2,90437577948437e-187;TRUE
"stats_elementos_GTS";"fixo";"fixo";"fixo";"mutavel";"tf3";"S / P";0;TRUE
"stats_elementos_GTS";"fixo";"fixo";"fixo";"mutavel";"tf3";"K / P";0;TRUE
"stats_elementos_GTS";"fixo";"fixo";"fixo";"mutavel";"tf3";"Ca / P";0;TRUE
"stats_elementos_GTS";"fixo";"fixo";"fixo";"mutavel";"tf3";"Mn / P";0;TRUE
"stats_elementos_GTS";"fixo";"fixo";"fixo";"mutavel";"tf3";"Fe / P";0;TRUE
"stats_elementos_GTS";"fixo";"fixo";"fixo";"mutavel";"tf3";"Cu / P";0;TRUE
"stats_elementos_GTS";"fixo";"fixo";"fixo";"mutavel";"tf3";"Zn / P";0;TRUE
"stats_elementos_GTS";"fixo";"fixo";"fixo";"mutavel";"tf3";"K / S";0,0514650119668116;FALSE
"stats_elementos_GTS";"fixo";"fixo";"fixo";"mutavel";"tf3";"Ca / S";0;TRUE
"stats_elementos_GTS";"fixo";"fixo";"fixo";"mutavel";"tf3";"Mn / S";0;TRUE
"stats_elementos_GTS";"fixo";"fixo";"fixo";"mutavel";"tf3";"Fe / S";0;TRUE
"stats_elementos_GTS";"fixo";"fixo";"fixo";"mutavel";"tf3";"Cu / S";0;TRUE
"stats_elementos_GTS";"fixo";"fixo";"fixo";"mutavel";"tf3";"Zn / S";0;TRUE
"stats_elementos_GTS";"fixo";"fixo";"fixo";"mutavel";"tf3";"Ca / K";0;TRUE
"stats_elementos_GTS";"fixo";"fixo";"fixo";"mutavel";"tf3";"Mn / K";0;TRUE
"stats_elementos_GTS";"fixo";"fixo";"fixo";"mutavel";"tf3";"Fe / K";0;TRUE
"stats_elementos_GTS";"fixo";"fixo";"fixo";"mutavel";"tf3";"Cu / K";0;TRUE
"stats_elementos_GTS";"fixo";"fixo";"fixo";"mutavel";"tf3";"Zn / K";0;TRUE
"stats_elementos_GTS";"fixo";"fixo";"fixo";"mutavel";"tf3";"Mn / Ca";0;TRUE
"stats_elementos_GTS";"fixo";"fixo";"fixo";"mutavel";"tf3";"Fe / Ca";0;TRUE
"stats_elementos_GTS";"fixo";"fixo";"fixo";"mutavel";"tf3";"Cu / Ca";3,14935262465779e-254;TRUE
"stats_elementos_GTS";"fixo";"fixo";"fixo";"mutavel";"tf3";"Zn / Ca";0;TRUE
"stats_elementos_GTS";"fixo";"fixo";"fixo";"mutavel";"tf3";"Fe / Mn";0;TRUE
"stats_elementos_GTS";"fixo";"fixo";"fixo";"mutavel";"tf3";"Cu / Mn";0;TRUE
"stats_elementos_GTS";"fixo";"fixo";"fixo";"mutavel";"tf3";"Zn / Mn";0;TRUE
"stats_elementos_GTS";"fixo";"fixo";"fixo";"mutavel";"tf3";"Cu / Fe";0;TRUE
"stats_elementos_GTS";"fixo";"fixo";"fixo";"mutavel";"tf3";"Zn / Fe";1,13964887083393e-86;TRUE
"stats_elementos_GTS";"fixo";"fixo";"fixo";"mutavel";"tf3";"Zn / Cu";0;TRUE
"stats_elementos_GTS";"fixo";"fixo";"fixo";"mutavel";"tf5";"S / P";7,49460398699929e-32;TRUE
"stats_elementos_GTS";"fixo";"fixo";"fixo";"mutavel";"tf5";"K / P";0;TRUE
"stats_elementos_GTS";"fixo";"fixo";"fixo";"mutavel";"tf5";"Ca / P";0;TRUE
"stats_elementos_GTS";"fixo";"fixo";"fixo";"mutavel";"tf5";"Mn / P";0;TRUE
"stats_elementos_GTS";"fixo";"fixo";"fixo";"mutavel";"tf5";"Fe / P";0;TRUE
"stats_elementos_GTS";"fixo";"fixo";"fixo";"mutavel";"tf5";"Cu / P";0;TRUE
"stats_elementos_GTS";"fixo";"fixo";"fixo";"mutavel";"tf5";"Zn / P";0;TRUE
"stats_elementos_GTS";"fixo";"fixo";"fixo";"mutavel";"tf5";"K / S";0;TRUE
"stats_elementos_GTS";"fixo";"fixo";"fixo";"mutavel";"tf5";"Ca / S";0;TRUE
"stats_elementos_GTS";"fixo";"fixo";"fixo";"mutavel";"tf5";"Mn / S";0;TRUE
"stats_elementos_GTS";"fixo";"fixo";"fixo";"mutavel";"tf5";"Fe / S";0;TRUE
"stats_elementos_GTS";"fixo";"fixo";"fixo";"mutavel";"tf5";"Cu / S";0;TRUE
"stats_elementos_GTS";"fixo";"fixo";"fixo";"mutavel";"tf5";"Zn / S";0;TRUE
"stats_elementos_GTS";"fixo";"fixo";"fixo";"mutavel";"tf5";"Ca / K";0;TRUE
"stats_elementos_GTS";"fixo";"fixo";"fixo";"mutavel";"tf5";"Mn / K";0;TRUE
"stats_elementos_GTS";"fixo";"fixo";"fixo";"mutavel";"tf5";"Fe / K";0;TRUE
"stats_elementos_GTS";"fixo";"fixo";"fixo";"mutavel";"tf5";"Cu / K";0;TRUE
"stats_elementos_GTS";"fixo";"fixo";"fixo";"mutavel";"tf5";"Zn / K";0;TRUE
"stats_elementos_GTS";"fixo";"fixo";"fixo";"mutavel";"tf5";"Mn / Ca";0;TRUE
"stats_elementos_GTS";"fixo";"fixo";"fixo";"mutavel";"tf5";"Fe / Ca";0;TRUE
"stats_elementos_GTS";"fixo";"fixo";"fixo";"mutavel";"tf5";"Cu / Ca";4,2023748599811e-263;TRUE
"stats_elementos_GTS";"fixo";"fixo";"fixo";"mutavel";"tf5";"Zn / Ca";0;TRUE
"stats_elementos_GTS";"fixo";"fixo";"fixo";"mutavel";"tf5";"Fe / Mn";0;TRUE
"stats_elementos_GTS";"fixo";"fixo";"fixo";"mutavel";"tf5";"Cu / Mn";0;TRUE
"stats_elementos_GTS";"fixo";"fixo";"fixo";"mutavel";"tf5";"Zn / Mn";0;TRUE
"stats_elementos_GTS";"fixo";"fixo";"fixo";"mutavel";"tf5";"Cu / Fe";0;TRUE
"stats_elementos_GTS";"fixo";"fixo";"fixo";"mutavel";"tf5";"Zn / Fe";1,13445050016172e-05;TRUE
"stats_elementos_GTS";"fixo";"fixo";"fixo";"mutavel";"tf5";"Zn / Cu";0;TRUE
"stats_elementos_GTS";"fixo";"fixo";"fixo";"mutavel";"tp5";"S / P";3,80914201840648e-224;TRUE
"stats_elementos_GTS";"fixo";"fixo";"fixo";"mutavel";"tp5";"K / P";0;TRUE
"stats_elementos_GTS";"fixo";"fixo";"fixo";"mutavel";"tp5";"Ca / P";9,10144700943709e-36;TRUE
"stats_elementos_GTS";"fixo";"fixo";"fixo";"mutavel";"tp5";"Mn / P";0;TRUE
"stats_elementos_GTS";"fixo";"fixo";"fixo";"mutavel";"tp5";"Fe / P";2,69163372482634e-57;TRUE
"stats_elementos_GTS";"fixo";"fixo";"fixo";"mutavel";"tp5";"Cu / P";0;TRUE
"stats_elementos_GTS";"fixo";"fixo";"fixo";"mutavel";"tp5";"Zn / P";0;TRUE
"stats_elementos_GTS";"fixo";"fixo";"fixo";"mutavel";"tp5";"K / S";0;TRUE
"stats_elementos_GTS";"fixo";"fixo";"fixo";"mutavel";"tp5";"Ca / S";0;TRUE
"stats_elementos_GTS";"fixo";"fixo";"fixo";"mutavel";"tp5";"Mn / S";0;TRUE
"stats_elementos_GTS";"fixo";"fixo";"fixo";"mutavel";"tp5";"Fe / S";1,65237462284394e-37;TRUE
"stats_elementos_GTS";"fixo";"fixo";"fixo";"mutavel";"tp5";"Cu / S";0;TRUE
"stats_elementos_GTS";"fixo";"fixo";"fixo";"mutavel";"tp5";"Zn / S";0;TRUE
"stats_elementos_GTS";"fixo";"fixo";"fixo";"mutavel";"tp5";"Ca / K";0;TRUE
"stats_elementos_GTS";"fixo";"fixo";"fixo";"mutavel";"tp5";"Mn / K";0;TRUE
"stats_elementos_GTS";"fixo";"fixo";"fixo";"mutavel";"tp5";"Fe / K";0;TRUE
"stats_elementos_GTS";"fixo";"fixo";"fixo";"mutavel";"tp5";"Cu / K";0;TRUE
"stats_elementos_GTS";"fixo";"fixo";"fixo";"mutavel";"tp5";"Zn / K";0;TRUE
"stats_elementos_GTS";"fixo";"fixo";"fixo";"mutavel";"tp5";"Mn / Ca";0;TRUE
"stats_elementos_GTS";"fixo";"fixo";"fixo";"mutavel";"tp5";"Fe / Ca";8,7877481479855e-149;TRUE
"stats_elementos_GTS";"fixo";"fixo";"fixo";"mutavel";"tp5";"Cu / Ca";4,59081407642114e-213;TRUE
"stats_elementos_GTS";"fixo";"fixo";"fixo";"mutavel";"tp5";"Zn / Ca";1,47040550765605e-189;TRUE
"stats_elementos_GTS";"fixo";"fixo";"fixo";"mutavel";"tp5";"Fe / Mn";0;TRUE
"stats_elementos_GTS";"fixo";"fixo";"fixo";"mutavel";"tp5";"Cu / Mn";0;TRUE
"stats_elementos_GTS";"fixo";"fixo";"fixo";"mutavel";"tp5";"Zn / Mn";3,34314454331691e-112;TRUE
"stats_elementos_GTS";"fixo";"fixo";"fixo";"mutavel";"tp5";"Cu / Fe";0;TRUE
"stats_elementos_GTS";"fixo";"fixo";"fixo";"mutavel";"tp5";"Zn / Fe";0;TRUE
"stats_elementos_GTS";"fixo";"fixo";"fixo";"mutavel";"tp5";"Zn / Cu";3,97294451774585e-08;TRUE
"stats_elementos_GTS";"fixo";"fixo";"fixo";"mutavel";"tt1";"S / P";1,36270224978662e-127;TRUE
"stats_elementos_GTS";"fixo";"fixo";"fixo";"mutavel";"tt1";"K / P";0;TRUE
"stats_elementos_GTS";"fixo";"fixo";"fixo";"mutavel";"tt1";"Ca / P";0;TRUE
"stats_elementos_GTS";"fixo";"fixo";"fixo";"mutavel";"tt1";"Mn / P";0;TRUE
"stats_elementos_GTS";"fixo";"fixo";"fixo";"mutavel";"tt1";"Fe / P";0;TRUE
"stats_elementos_GTS";"fixo";"fixo";"fixo";"mutavel";"tt1";"Cu / P";0;TRUE
"stats_elementos_GTS";"fixo";"fixo";"fixo";"mutavel";"tt1";"Zn / P";0;TRUE
"stats_elementos_GTS";"fixo";"fixo";"fixo";"mutavel";"tt1";"K / S";2,3846288910815e-244;TRUE
"stats_elementos_GTS";"fixo";"fixo";"fixo";"mutavel";"tt1";"Ca / S";0;TRUE
"stats_elementos_GTS";"fixo";"fixo";"fixo";"mutavel";"tt1";"Mn / S";0;TRUE
"stats_elementos_GTS";"fixo";"fixo";"fixo";"mutavel";"tt1";"Fe / S";0;TRUE
"stats_elementos_GTS";"fixo";"fixo";"fixo";"mutavel";"tt1";"Cu / S";0;TRUE
"stats_elementos_GTS";"fixo";"fixo";"fixo";"mutavel";"tt1";"Zn / S";0;TRUE
"stats_elementos_GTS";"fixo";"fixo";"fixo";"mutavel";"tt1";"Ca / K";2,09603768857597e-12;TRUE
"stats_elementos_GTS";"fixo";"fixo";"fixo";"mutavel";"tt1";"Mn / K";0;TRUE
"stats_elementos_GTS";"fixo";"fixo";"fixo";"mutavel";"tt1";"Fe / K";3,07513162650853e-222;TRUE
"stats_elementos_GTS";"fixo";"fixo";"fixo";"mutavel";"tt1";"Cu / K";0;TRUE
"stats_elementos_GTS";"fixo";"fixo";"fixo";"mutavel";"tt1";"Zn / K";0;TRUE
"stats_elementos_GTS";"fixo";"fixo";"fixo";"mutavel";"tt1";"Mn / Ca";0;TRUE
"stats_elementos_GTS";"fixo";"fixo";"fixo";"mutavel";"tt1";"Fe / Ca";5,50293143812525e-189;TRUE
"stats_elementos_GTS";"fixo";"fixo";"fixo";"mutavel";"tt1";"Cu / Ca";0;TRUE
"stats_elementos_GTS";"fixo";"fixo";"fixo";"mutavel";"tt1";"Zn / Ca";0;TRUE
"stats_elementos_GTS";"fixo";"fixo";"fixo";"mutavel";"tt1";"Fe / Mn";0;TRUE
"stats_elementos_GTS";"fixo";"fixo";"fixo";"mutavel";"tt1";"Cu / Mn";0;TRUE
"stats_elementos_GTS";"fixo";"fixo";"fixo";"mutavel";"tt1";"Zn / Mn";0;TRUE
"stats_elementos_GTS";"fixo";"fixo";"fixo";"mutavel";"tt1";"Cu / Fe";1,28705545480947e-120;TRUE
"stats_elementos_GTS";"fixo";"fixo";"fixo";"mutavel";"tt1";"Zn / Fe";3,51126578462594e-11;TRUE
"stats_elementos_GTS";"fixo";"fixo";"fixo";"mutavel";"tt1";"Zn / Cu";1,75816372225088e-92;TRUE
"stats_elementos_GTS";"fixo";"fixo";"fixo";"mutavel";"tt3";"S / P";0;TRUE
"stats_elementos_GTS";"fixo";"fixo";"fixo";"mutavel";"tt3";"K / P";0;TRUE
"stats_elementos_GTS";"fixo";"fixo";"fixo";"mutavel";"tt3";"Ca / P";0;TRUE
"stats_elementos_GTS";"fixo";"fixo";"fixo";"mutavel";"tt3";"Mn / P";0;TRUE
"stats_elementos_GTS";"fixo";"fixo";"fixo";"mutavel";"tt3";"Fe / P";0;TRUE
"stats_elementos_GTS";"fixo";"fixo";"fixo";"mutavel";"tt3";"Cu / P";0;TRUE
"stats_elementos_GTS";"fixo";"fixo";"fixo";"mutavel";"tt3";"Zn / P";0;TRUE
"stats_elementos_GTS";"fixo";"fixo";"fixo";"mutavel";"tt3";"K / S";0;TRUE
"stats_elementos_GTS";"fixo";"fixo";"fixo";"mutavel";"tt3";"Ca / S";0;TRUE
"stats_elementos_GTS";"fixo";"fixo";"fixo";"mutavel";"tt3";"Mn / S";0;TRUE
"stats_elementos_GTS";"fixo";"fixo";"fixo";"mutavel";"tt3";"Fe / S";0;TRUE
"stats_elementos_GTS";"fixo";"fixo";"fixo";"mutavel";"tt3";"Cu / S";0;TRUE
"stats_elementos_GTS";"fixo";"fixo";"fixo";"mutavel";"tt3";"Zn / S";0;TRUE
"stats_elementos_GTS";"fixo";"fixo";"fixo";"mutavel";"tt3";"Ca / K";0;TRUE
"stats_elementos_GTS";"fixo";"fixo";"fixo";"mutavel";"tt3";"Mn / K";0;TRUE
"stats_elementos_GTS";"fixo";"fixo";"fixo";"mutavel";"tt3";"Fe / K";0;TRUE
"stats_elementos_GTS";"fixo";"fixo";"fixo";"mutavel";"tt3";"Cu / K";0;TRUE
"stats_elementos_GTS";"fixo";"fixo";"fixo";"mutavel";"tt3";"Zn / K";0;TRUE
"stats_elementos_GTS";"fixo";"fixo";"fixo";"mutavel";"tt3";"Mn / Ca";0;TRUE
"stats_elementos_GTS";"fixo";"fixo";"fixo";"mutavel";"tt3";"Fe / Ca";0,741466037013624;FALSE
"stats_elementos_GTS";"fixo";"fixo";"fixo";"mutavel";"tt3";"Cu / Ca";0;TRUE
"stats_elementos_GTS";"fixo";"fixo";"fixo";"mutavel";"tt3";"Zn / Ca";0,388259188260287;FALSE
"stats_elementos_GTS";"fixo";"fixo";"fixo";"mutavel";"tt3";"Fe / Mn";0;TRUE
"stats_elementos_GTS";"fixo";"fixo";"fixo";"mutavel";"tt3";"Cu / Mn";0;TRUE
"stats_elementos_GTS";"fixo";"fixo";"fixo";"mutavel";"tt3";"Zn / Mn";0;TRUE
"stats_elementos_GTS";"fixo";"fixo";"fixo";"mutavel";"tt3";"Cu / Fe";0;TRUE
"stats_elementos_GTS";"fixo";"fixo";"fixo";"mutavel";"tt3";"Zn / Fe";0,115334629029804;FALSE
"stats_elementos_GTS";"fixo";"fixo";"fixo";"mutavel";"tt3";"Zn / Cu";0;TRUE
"stats_elementos_GTS";"fixo";"fixo";"fixo";"mutavel";"tt5";"S / P";4,99956191311975e-290;TRUE
"stats_elementos_GTS";"fixo";"fixo";"fixo";"mutavel";"tt5";"K / P";7,73550432146599e-96;TRUE
"stats_elementos_GTS";"fixo";"fixo";"fixo";"mutavel";"tt5";"Ca / P";0;TRUE
"stats_elementos_GTS";"fixo";"fixo";"fixo";"mutavel";"tt5";"Mn / P";0;TRUE
"stats_elementos_GTS";"fixo";"fixo";"fixo";"mutavel";"tt5";"Fe / P";0;TRUE
"stats_elementos_GTS";"fixo";"fixo";"fixo";"mutavel";"tt5";"Cu / P";0;TRUE
"stats_elementos_GTS";"fixo";"fixo";"fixo";"mutavel";"tt5";"Zn / P";0;TRUE
"stats_elementos_GTS";"fixo";"fixo";"fixo";"mutavel";"tt5";"K / S";0;TRUE
"stats_elementos_GTS";"fixo";"fixo";"fixo";"mutavel";"tt5";"Ca / S";0;TRUE
"stats_elementos_GTS";"fixo";"fixo";"fixo";"mutavel";"tt5";"Mn / S";0;TRUE
"stats_elementos_GTS";"fixo";"fixo";"fixo";"mutavel";"tt5";"Fe / S";0;TRUE
"stats_elementos_GTS";"fixo";"fixo";"fixo";"mutavel";"tt5";"Cu / S";0;TRUE
"stats_elementos_GTS";"fixo";"fixo";"fixo";"mutavel";"tt5";"Zn / S";0;TRUE
"stats_elementos_GTS";"fixo";"fixo";"fixo";"mutavel";"tt5";"Ca / K";0;TRUE
"stats_elementos_GTS";"fixo";"fixo";"fixo";"mutavel";"tt5";"Mn / K";0;TRUE
"stats_elementos_GTS";"fixo";"fixo";"fixo";"mutavel";"tt5";"Fe / K";0;TRUE
"stats_elementos_GTS";"fixo";"fixo";"fixo";"mutavel";"tt5";"Cu / K";0;TRUE
"stats_elementos_GTS";"fixo";"fixo";"fixo";"mutavel";"tt5";"Zn / K";0;TRUE
"stats_elementos_GTS";"fixo";"fixo";"fixo";"mutavel";"tt5";"Mn / Ca";0;TRUE
"stats_elementos_GTS";"fixo";"fixo";"fixo";"mutavel";"tt5";"Fe / Ca";0,200383042047154;FALSE
"stats_elementos_GTS";"fixo";"fixo";"fixo";"mutavel";"tt5";"Cu / Ca";0;TRUE
"stats_elementos_GTS";"fixo";"fixo";"fixo";"mutavel";"tt5";"Zn / Ca";0;TRUE
"stats_elementos_GTS";"fixo";"fixo";"fixo";"mutavel";"tt5";"Fe / Mn";0;TRUE
"stats_elementos_GTS";"fixo";"fixo";"fixo";"mutavel";"tt5";"Cu / Mn";0;TRUE
"stats_elementos_GTS";"fixo";"fixo";"fixo";"mutavel";"tt5";"Zn / Mn";0;TRUE
"stats_elementos_GTS";"fixo";"fixo";"fixo";"mutavel";"tt5";"Cu / Fe";0;TRUE
"stats_elementos_GTS";"fixo";"fixo";"fixo";"mutavel";"tt5";"Zn / Fe";0;TRUE
"stats_elementos_GTS";"fixo";"fixo";"fixo";"mutavel";"tt5";"Zn / Cu";0;TRUE
"stats_grupo";"mutavel";"-";"-";"fixo";"P";"t / c";5,07065061498912e-213;TRUE
"stats_grupo";"mutavel";"-";"-";"fixo";"S";"t / c";0;TRUE
"stats_grupo";"mutavel";"-";"-";"fixo";"K";"t / c";0;TRUE
"stats_grupo";"mutavel";"-";"-";"fixo";"Ca";"t / c";1,31784940881791e-157;TRUE
"stats_grupo";"mutavel";"-";"-";"fixo";"Mn";"t / c";4,64141391033827e-121;TRUE
"stats_grupo";"mutavel";"-";"-";"fixo";"Fe";"t / c";0;TRUE
"stats_grupo";"mutavel";"-";"-";"fixo";"Cu";"t / c";0;TRUE
"stats_grupo";"mutavel";"-";"-";"fixo";"Zn";"t / c";0;TRUE
"stats_grupo_T";"mutavel";"fixo";"-";"fixo";"f_P";"t / c";0;TRUE
"stats_grupo_T";"mutavel";"fixo";"-";"fixo";"f_S";"t / c";0;TRUE
"stats_grupo_T";"mutavel";"fixo";"-";"fixo";"f_K";"t / c";5,82468822464651e-302;TRUE
"stats_grupo_T";"mutavel";"fixo";"-";"fixo";"f_Ca";"t / c";1,43332075239104e-37;TRUE
"stats_grupo_T";"mutavel";"fixo";"-";"fixo";"f_Mn";"t / c";0,0147885853218414;TRUE
"stats_grupo_T";"mutavel";"fixo";"-";"fixo";"f_Fe";"t / c";0;TRUE
"stats_grupo_T";"mutavel";"fixo";"-";"fixo";"f_Cu";"t / c";7,00788720541728e-142;TRUE
"stats_grupo_T";"mutavel";"fixo";"-";"fixo";"f_Zn";"t / c";0,745972604737582;FALSE
"stats_grupo_T";"mutavel";"fixo";"-";"fixo";"p_P";"t / c";0,0224105984076915;TRUE
"stats_grupo_T";"mutavel";"fixo";"-";"fixo";"p_S";"t / c";2,01248202389827e-09;TRUE
"stats_grupo_T";"mutavel";"fixo";"-";"fixo";"p_K";"t / c";1,07166724296121e-14;TRUE
"stats_grupo_T";"mutavel";"fixo";"-";"fixo";"p_Ca";"t / c";0,0396513850508502;TRUE
"stats_grupo_T";"mutavel";"fixo";"-";"fixo";"p_Mn";"t / c";0,00016785950709896;TRUE
"stats_grupo_T";"mutavel";"fixo";"-";"fixo";"p_Fe";"t / c";1,67722111595835e-43;TRUE
"stats_grupo_T";"mutavel";"fixo";"-";"fixo";"p_Cu";"t / c";0,000920898904028277;TRUE
"stats_grupo_T";"mutavel";"fixo";"-";"fixo";"p_Zn";"t / c";0,610563532872902;FALSE
"stats_grupo_TS";"mutavel";"fixo";"fixo";"fixo";"f1_P";"t / c";1,05111654476326e-232;TRUE
"stats_grupo_TS";"mutavel";"fixo";"fixo";"fixo";"f1_S";"t / c";5,57640399329978e-215;TRUE
"stats_grupo_TS";"mutavel";"fixo";"fixo";"fixo";"f1_K";"t / c";1,48589702279904e-204;TRUE
"stats_grupo_TS";"mutavel";"fixo";"fixo";"fixo";"f1_Ca";"t / c";7,64659189395634e-42;TRUE
"stats_grupo_TS";"mutavel";"fixo";"fixo";"fixo";"f1_Mn";"t / c";7,66483965015123e-43;TRUE
"stats_grupo_TS";"mutavel";"fixo";"fixo";"fixo";"f1_Fe";"t / c";1,47252584526356e-299;TRUE
"stats_grupo_TS";"mutavel";"fixo";"fixo";"fixo";"f1_Cu";"t / c";8,01521752341844e-156;TRUE
"stats_grupo_TS";"mutavel";"fixo";"fixo";"fixo";"f1_Zn";"t / c";2,29508676396425e-226;TRUE
"stats_grupo_TS";"mutavel";"fixo";"fixo";"fixo";"f3_P";"t / c";1,75251390380009e-71;TRUE
"stats_grupo_TS";"mutavel";"fixo";"fixo";"fixo";"f3_S";"t / c";0,443758461494843;FALSE
"stats_grupo_TS";"mutavel";"fixo";"fixo";"fixo";"f3_K";"t / c";3,97691594077426e-05;TRUE
"stats_grupo_TS";"mutavel";"fixo";"fixo";"fixo";"f3_Ca";"t / c";6,68545493933086e-09;TRUE
"stats_grupo_TS";"mutavel";"fixo";"fixo";"fixo";"f3_Mn";"t / c";0,0312571961032299;TRUE
"stats_grupo_TS";"mutavel";"fixo";"fixo";"fixo";"f3_Fe";"t / c";0;TRUE
"stats_grupo_TS";"mutavel";"fixo";"fixo";"fixo";"f3_Cu";"t / c";1,31700377555924e-38;TRUE
"stats_grupo_TS";"mutavel";"fixo";"fixo";"fixo";"f3_Zn";"t / c";0,432435433690735;FALSE
"stats_grupo_TS";"mutavel";"fixo";"fixo";"fixo";"f5_P";"t / c";4,169306983925e-157;TRUE
"stats_grupo_TS";"mutavel";"fixo";"fixo";"fixo";"f5_S";"t / c";9,4004567622299e-294;TRUE
"stats_grupo_TS";"mutavel";"fixo";"fixo";"fixo";"f5_K";"t / c";5,46358299047126e-284;TRUE
"stats_grupo_TS";"mutavel";"fixo";"fixo";"fixo";"f5_Ca";"t / c";2,86378569153361e-96;TRUE
"stats_grupo_TS";"mutavel";"fixo";"fixo";"fixo";"f5_Mn";"t / c";4,92605093082756e-70;TRUE
"stats_grupo_TS";"mutavel";"fixo";"fixo";"fixo";"f5_Fe";"t / c";0;TRUE
"stats_grupo_TS";"mutavel";"fixo";"fixo";"fixo";"f5_Cu";"t / c";1,96417774922863e-177;TRUE
"stats_grupo_TS";"mutavel";"fixo";"fixo";"fixo";"f5_Zn";"t / c";0,165241484835883;FALSE
"stats_grupo_TS";"mutavel";"fixo";"fixo";"fixo";"p5_P";"t / c";0,0224105984076915;TRUE
"stats_grupo_TS";"mutavel";"fixo";"fixo";"fixo";"p5_S";"t / c";2,01248202389827e-09;TRUE
"stats_grupo_TS";"mutavel";"fixo";"fixo";"fixo";"p5_K";"t / c";1,07166724296121e-14;TRUE
"stats_grupo_TS";"mutavel";"fixo";"fixo";"fixo";"p5_Ca";"t / c";0,0396513850508502;TRUE
"stats_grupo_TS";"mutavel";"fixo";"fixo";"fixo";"p5_Mn";"t / c";0,00016785950709896;TRUE
"stats_grupo_TS";"mutavel";"fixo";"fixo";"fixo";"p5_Fe";"t / c";1,67722111595835e-43;TRUE
"stats_grupo_TS";"mutavel";"fixo";"fixo";"fixo";"p5_Cu";"t / c";0,000920898904028277;TRUE
"stats_grupo_TS";"mutavel";"fixo";"fixo";"fixo";"p5_Zn";"t / c";0,610563532872902;FALSE
"stats_semana";"fixo";"fixo";"mutavel";"fixo";"cf_P";"1 / 0";3,39739480195778e-91;TRUE
"stats_semana";"fixo";"fixo";"mutavel";"fixo";"cf_P";"3 / 0";7,48639646187868e-26;TRUE
"stats_semana";"fixo";"fixo";"mutavel";"fixo";"cf_P";"5 / 0";0;TRUE
"stats_semana";"fixo";"fixo";"mutavel";"fixo";"cf_P";"3 / 1";1,04720147677232e-172;TRUE
"stats_semana";"fixo";"fixo";"mutavel";"fixo";"cf_P";"5 / 1";0;TRUE
"stats_semana";"fixo";"fixo";"mutavel";"fixo";"cf_P";"5 / 3";1,36893540068095e-247;TRUE
"stats_semana";"fixo";"fixo";"mutavel";"fixo";"cf_S";"1 / 0";1,61189311434607e-72;TRUE
"stats_semana";"fixo";"fixo";"mutavel";"fixo";"cf_S";"3 / 0";9,42692106529594e-10;TRUE
"stats_semana";"fixo";"fixo";"mutavel";"fixo";"cf_S";"5 / 0";2,00581082250831e-234;TRUE
"stats_semana";"fixo";"fixo";"mutavel";"fixo";"cf_S";"3 / 1";2,16790697210962e-92;TRUE
"stats_semana";"fixo";"fixo";"mutavel";"fixo";"cf_S";"5 / 1";0;TRUE
"stats_semana";"fixo";"fixo";"mutavel";"fixo";"cf_S";"5 / 3";3,57766992250507e-89;TRUE
"stats_semana";"fixo";"fixo";"mutavel";"fixo";"cf_K";"1 / 0";2,67473401347609e-25;TRUE
"stats_semana";"fixo";"fixo";"mutavel";"fixo";"cf_K";"3 / 0";1,6771623270634e-10;TRUE
"stats_semana";"fixo";"fixo";"mutavel";"fixo";"cf_K";"5 / 0";5,4237874410002e-09;TRUE
"stats_semana";"fixo";"fixo";"mutavel";"fixo";"cf_K";"3 / 1";4,04762187377217e-62;TRUE
"stats_semana";"fixo";"fixo";"mutavel";"fixo";"cf_K";"5 / 1";1,83891003110142e-05;TRUE
"stats_semana";"fixo";"fixo";"mutavel";"fixo";"cf_K";"5 / 3";2,27266923526226e-45;TRUE
"stats_semana";"fixo";"fixo";"mutavel";"fixo";"cf_Ca";"1 / 0";1,71068882626402e-150;TRUE
"stats_semana";"fixo";"fixo";"mutavel";"fixo";"cf_Ca";"3 / 0";2,02715326040899e-24;TRUE
"stats_semana";"fixo";"fixo";"mutavel";"fixo";"cf_Ca";"5 / 0";5,1032865627086e-146;TRUE
"stats_semana";"fixo";"fixo";"mutavel";"fixo";"cf_Ca";"3 / 1";1,22544489104909e-292;TRUE
"stats_semana";"fixo";"fixo";"mutavel";"fixo";"cf_Ca";"5 / 1";0,24822873297961;FALSE
"stats_semana";"fixo";"fixo";"mutavel";"fixo";"cf_Ca";"5 / 3";0;TRUE
"stats_semana";"fixo";"fixo";"mutavel";"fixo";"cf_Mn";"1 / 0";0,0178445294433473;TRUE
"stats_semana";"fixo";"fixo";"mutavel";"fixo";"cf_Mn";"3 / 0";5,06533131751196e-10;TRUE
"stats_semana";"fixo";"fixo";"mutavel";"fixo";"cf_Mn";"5 / 0";0;TRUE
"stats_semana";"fixo";"fixo";"mutavel";"fixo";"cf_Mn";"3 / 1";0,000630124196573376;TRUE
"stats_semana";"fixo";"fixo";"mutavel";"fixo";"cf_Mn";"5 / 1";0;TRUE
"stats_semana";"fixo";"fixo";"mutavel";"fixo";"cf_Mn";"5 / 3";0;TRUE
"stats_semana";"fixo";"fixo";"mutavel";"fixo";"cf_Fe";"1 / 0";5,95425797190675e-40;TRUE
"stats_semana";"fixo";"fixo";"mutavel";"fixo";"cf_Fe";"3 / 0";2,42109819204845e-195;TRUE
"stats_semana";"fixo";"fixo";"mutavel";"fixo";"cf_Fe";"5 / 0";0;TRUE
"stats_semana";"fixo";"fixo";"mutavel";"fixo";"cf_Fe";"3 / 1";3,74179912491695e-35;TRUE
"stats_semana";"fixo";"fixo";"mutavel";"fixo";"cf_Fe";"5 / 1";0;TRUE
"stats_semana";"fixo";"fixo";"mutavel";"fixo";"cf_Fe";"5 / 3";0;TRUE
"stats_semana";"fixo";"fixo";"mutavel";"fixo";"cf_Cu";"1 / 0";1,02784283951815e-06;TRUE
"stats_semana";"fixo";"fixo";"mutavel";"fixo";"cf_Cu";"3 / 0";0,0124857764055776;TRUE
"stats_semana";"fixo";"fixo";"mutavel";"fixo";"cf_Cu";"5 / 0";0;TRUE
"stats_semana";"fixo";"fixo";"mutavel";"fixo";"cf_Cu";"3 / 1";0,00783956295514509;TRUE
"stats_semana";"fixo";"fixo";"mutavel";"fixo";"cf_Cu";"5 / 1";0;TRUE
"stats_semana";"fixo";"fixo";"mutavel";"fixo";"cf_Cu";"5 / 3";0;TRUE
"stats_semana";"fixo";"fixo";"mutavel";"fixo";"cf_Zn";"1 / 0";2,89893076040164e-41;TRUE
"stats_semana";"fixo";"fixo";"mutavel";"fixo";"cf_Zn";"3 / 0";0,0126997061093044;TRUE
"stats_semana";"fixo";"fixo";"mutavel";"fixo";"cf_Zn";"5 / 0";5,57420712535509e-221;TRUE
"stats_semana";"fixo";"fixo";"mutavel";"fixo";"cf_Zn";"3 / 1";3,86328578181009e-29;TRUE
"stats_semana";"fixo";"fixo";"mutavel";"fixo";"cf_Zn";"5 / 1";1,96582558358422e-79;TRUE
"stats_semana";"fixo";"fixo";"mutavel";"fixo";"cf_Zn";"5 / 3";9,9681575329157e-197;TRUE
"stats_semana";"fixo";"fixo";"mutavel";"fixo";"tf_P";"3 / 1";4,55182084019157e-96;TRUE
"stats_semana";"fixo";"fixo";"mutavel";"fixo";"tf_P";"5 / 1";0;TRUE
"stats_semana";"fixo";"fixo";"mutavel";"fixo";"tf_P";"5 / 3";0;TRUE
"stats_semana";"fixo";"fixo";"mutavel";"fixo";"tf_S";"3 / 1";1,02426693862607e-38;TRUE
"stats_semana";"fixo";"fixo";"mutavel";"fixo";"tf_S";"5 / 1";9,23470784360229e-304;TRUE
"stats_semana";"fixo";"fixo";"mutavel";"fixo";"tf_S";"5 / 3";0;TRUE
"stats_semana";"fixo";"fixo";"mutavel";"fixo";"tf_K";"3 / 1";2,98229823740202e-61;TRUE
"stats_semana";"fixo";"fixo";"mutavel";"fixo";"tf_K";"5 / 1";0,0136940702941618;TRUE
"stats_semana";"fixo";"fixo";"mutavel";"fixo";"tf_K";"5 / 3";2,11174742775503e-97;TRUE
"stats_semana";"fixo";"fixo";"mutavel";"fixo";"tf_Ca";"3 / 1";1,1043754998782e-38;TRUE
"stats_semana";"fixo";"fixo";"mutavel";"fixo";"tf_Ca";"5 / 1";0,0043288325417054;TRUE
"stats_semana";"fixo";"fixo";"mutavel";"fixo";"tf_Ca";"5 / 3";2,73288869351601e-55;TRUE
"stats_semana";"fixo";"fixo";"mutavel";"fixo";"tf_Mn";"3 / 1";3,33796426773337e-41;TRUE
"stats_semana";"fixo";"fixo";"mutavel";"fixo";"tf_Mn";"5 / 1";0;TRUE
"stats_semana";"fixo";"fixo";"mutavel";"fixo";"tf_Mn";"5 / 3";0;TRUE
"stats_semana";"fixo";"fixo";"mutavel";"fixo";"tf_Fe";"3 / 1";4,85289449816774e-93;TRUE
"stats_semana";"fixo";"fixo";"mutavel";"fixo";"tf_Fe";"5 / 1";4,9170376526529e-133;TRUE
"stats_semana";"fixo";"fixo";"mutavel";"fixo";"tf_Fe";"5 / 3";0,000269572766384353;TRUE
"stats_semana";"fixo";"fixo";"mutavel";"fixo";"tf_Cu";"3 / 1";1,04842772605649e-99;TRUE
"stats_semana";"fixo";"fixo";"mutavel";"fixo";"tf_Cu";"5 / 1";0;TRUE
"stats_semana";"fixo";"fixo";"mutavel";"fixo";"tf_Cu";"5 / 3";7,52408632934278e-295;TRUE
"stats_semana";"fixo";"fixo";"mutavel";"fixo";"tf_Zn";"3 / 1";4,6214994919172e-128;TRUE
"stats_semana";"fixo";"fixo";"mutavel";"fixo";"tf_Zn";"5 / 1";0;TRUE
"stats_semana";"fixo";"fixo";"mutavel";"fixo";"tf_Zn";"5 / 3";6,53417167294595e-265;TRUE
"stats_semana";"fixo";"fixo";"mutavel";"fixo";"tt_P";"3 / 1";1,90908957316706e-242;TRUE
"stats_semana";"fixo";"fixo";"mutavel";"fixo";"tt_P";"5 / 1";3,8515676017749e-27;TRUE
"stats_semana";"fixo";"fixo";"mutavel";"fixo";"tt_P";"5 / 3";0;TRUE
"stats_semana";"fixo";"fixo";"mutavel";"fixo";"tt_S";"3 / 1";2,42421931481886e-136;TRUE
"stats_semana";"fixo";"fixo";"mutavel";"fixo";"tt_S";"5 / 1";0,0433221596335199;TRUE
"stats_semana";"fixo";"fixo";"mutavel";"fixo";"tt_S";"5 / 3";8,49725959956155e-223;TRUE
"stats_semana";"fixo";"fixo";"mutavel";"fixo";"tt_K";"3 / 1";0;TRUE
"stats_semana";"fixo";"fixo";"mutavel";"fixo";"tt_K";"5 / 1";0;TRUE
"stats_semana";"fixo";"fixo";"mutavel";"fixo";"tt_K";"5 / 3";6,10309529392037e-15;TRUE
"stats_semana";"fixo";"fixo";"mutavel";"fixo";"tt_Ca";"3 / 1";3,51677610293698e-278;TRUE
"stats_semana";"fixo";"fixo";"mutavel";"fixo";"tt_Ca";"5 / 1";0,749817290512181;FALSE
"stats_semana";"fixo";"fixo";"mutavel";"fixo";"tt_Ca";"5 / 3";0;TRUE
"stats_semana";"fixo";"fixo";"mutavel";"fixo";"tt_Mn";"3 / 1";3,72253688602615e-25;TRUE
"stats_semana";"fixo";"fixo";"mutavel";"fixo";"tt_Mn";"5 / 1";6,74374741512342e-125;TRUE
"stats_semana";"fixo";"fixo";"mutavel";"fixo";"tt_Mn";"5 / 3";0;TRUE
"stats_semana";"fixo";"fixo";"mutavel";"fixo";"tt_Fe";"3 / 1";0,000355824977004447;TRUE
"stats_semana";"fixo";"fixo";"mutavel";"fixo";"tt_Fe";"5 / 1";1,75264749713487e-273;TRUE
"stats_semana";"fixo";"fixo";"mutavel";"fixo";"tt_Fe";"5 / 3";0;TRUE
"stats_semana";"fixo";"fixo";"mutavel";"fixo";"tt_Cu";"3 / 1";0,00130071016366749;TRUE
"stats_semana";"fixo";"fixo";"mutavel";"fixo";"tt_Cu";"5 / 1";9,35134720812966e-207;TRUE
"stats_semana";"fixo";"fixo";"mutavel";"fixo";"tt_Cu";"5 / 3";0;TRUE
"stats_semana";"fixo";"fixo";"mutavel";"fixo";"tt_Zn";"3 / 1";3,4311726524978e-59;TRUE
"stats_semana";"fixo";"fixo";"mutavel";"fixo";"tt_Zn";"5 / 1";1,37406031191457e-135;TRUE
"stats_semana";"fixo";"fixo";"mutavel";"fixo";"tt_Zn";"5 / 3";1,18311612785922e-57;TRUE
"stats_tecido_G";"fixo";"mutavel";"-";"fixo";"c_P";"p / f";0;TRUE
"stats_tecido_G";"fixo";"mutavel";"-";"fixo";"c_S";"p / f";0;TRUE
"stats_tecido_G";"fixo";"mutavel";"-";"fixo";"c_K";"p / f";0;TRUE
"stats_tecido_G";"fixo";"mutavel";"-";"fixo";"c_Ca";"p / f";5,16166786595934e-88;TRUE
"stats_tecido_G";"fixo";"mutavel";"-";"fixo";"c_Mn";"p / f";0;TRUE
"stats_tecido_G";"fixo";"mutavel";"-";"fixo";"c_Fe";"p / f";1,02670210811209e-50;TRUE
"stats_tecido_G";"fixo";"mutavel";"-";"fixo";"c_Cu";"p / f";8,24807129344208e-10;TRUE
"stats_tecido_G";"fixo";"mutavel";"-";"fixo";"c_Zn";"p / f";4,4803589748466e-276;TRUE
"stats_tecido_G";"fixo";"mutavel";"-";"fixo";"t_P";"p / f";0;TRUE
"stats_tecido_G";"fixo";"mutavel";"-";"fixo";"t_P";"t / f";9,11127183028866e-97;TRUE
"stats_tecido_G";"fixo";"mutavel";"-";"fixo";"t_P";"t / p";0;TRUE
"stats_tecido_G";"fixo";"mutavel";"-";"fixo";"t_S";"p / f";0;TRUE
"stats_tecido_G";"fixo";"mutavel";"-";"fixo";"t_S";"t / f";0;TRUE
"stats_tecido_G";"fixo";"mutavel";"-";"fixo";"t_S";"t / p";0;TRUE
"stats_tecido_G";"fixo";"mutavel";"-";"fixo";"t_K";"p / f";0;TRUE
"stats_tecido_G";"fixo";"mutavel";"-";"fixo";"t_K";"t / f";3,41404530777756e-78;TRUE
"stats_tecido_G";"fixo";"mutavel";"-";"fixo";"t_K";"t / p";1,80368665663541e-207;TRUE
"stats_tecido_G";"fixo";"mutavel";"-";"fixo";"t_Ca";"p / f";4,57219459345352e-220;TRUE
"stats_tecido_G";"fixo";"mutavel";"-";"fixo";"t_Ca";"t / f";0;TRUE
"stats_tecido_G";"fixo";"mutavel";"-";"fixo";"t_Ca";"t / p";0,0468148109646301;TRUE
"stats_tecido_G";"fixo";"mutavel";"-";"fixo";"t_Mn";"p / f";0;TRUE
"stats_tecido_G";"fixo";"mutavel";"-";"fixo";"t_Mn";"t / f";0;TRUE
"stats_tecido_G";"fixo";"mutavel";"-";"fixo";"t_Mn";"t / p";0;TRUE
"stats_tecido_G";"fixo";"mutavel";"-";"fixo";"t_Fe";"p / f";5,7810367941433e-204;TRUE
"stats_tecido_G";"fixo";"mutavel";"-";"fixo";"t_Fe";"t / f";3,09399693883441e-73;TRUE
"stats_tecido_G";"fixo";"mutavel";"-";"fixo";"t_Fe";"t / p";3,27058982672702e-233;TRUE
"stats_tecido_G";"fixo";"mutavel";"-";"fixo";"t_Cu";"p / f";2,15004195107166e-118;TRUE
"stats_tecido_G";"fixo";"mutavel";"-";"fixo";"t_Cu";"t / f";0;TRUE
"stats_tecido_G";"fixo";"mutavel";"-";"fixo";"t_Cu";"t / p";0;TRUE
"stats_tecido_G";"fixo";"mutavel";"-";"fixo";"t_Zn";"p / f";1,10314153810444e-268;TRUE
"stats_tecido_G";"fixo";"mutavel";"-";"fixo";"t_Zn";"t / f";0;TRUE
"stats_tecido_G";"fixo";"mutavel";"-";"fixo";"t_Zn";"t / p";1,22613101990965e-23;TRUE
"stats_tecido_GS";"fixo";"mutavel";"fixo";"fixo";"c5_P";"p / f";0;TRUE
"stats_tecido_GS";"fixo";"mutavel";"fixo";"fixo";"c5_S";"p / f";0;TRUE
"stats_tecido_GS";"fixo";"mutavel";"fixo";"fixo";"c5_K";"p / f";0;TRUE
"stats_tecido_GS";"fixo";"mutavel";"fixo";"fixo";"c5_Ca";"p / f";4,82241408779979e-30;TRUE
"stats_tecido_GS";"fixo";"mutavel";"fixo";"fixo";"c5_Mn";"p / f";2,23166420618761e-26;TRUE
"stats_tecido_GS";"fixo";"mutavel";"fixo";"fixo";"c5_Fe";"p / f";6,8752027389187e-13;TRUE
"stats_tecido_GS";"fixo";"mutavel";"fixo";"fixo";"c5_Cu";"p / f";3,99075363396828e-50;TRUE
"stats_tecido_GS";"fixo";"mutavel";"fixo";"fixo";"c5_Zn";"p / f";0;TRUE
"stats_tecido_GS";"fixo";"mutavel";"fixo";"fixo";"t1_P";"t / f";4,90316377217094e-119;TRUE
"stats_tecido_GS";"fixo";"mutavel";"fixo";"fixo";"t1_S";"t / f";1,57593976203228e-228;TRUE
"stats_tecido_GS";"fixo";"mutavel";"fixo";"fixo";"t1_K";"t / f";0;TRUE
"stats_tecido_GS";"fixo";"mutavel";"fixo";"fixo";"t1_Ca";"t / f";5,84890473554263e-182;TRUE
"stats_tecido_GS";"fixo";"mutavel";"fixo";"fixo";"t1_Mn";"t / f";1,54213354874611e-17;TRUE
"stats_tecido_GS";"fixo";"mutavel";"fixo";"fixo";"t1_Fe";"t / f";2,63492816096257e-32;TRUE
"stats_tecido_GS";"fixo";"mutavel";"fixo";"fixo";"t1_Cu";"t / f";2,14129325337574e-106;TRUE
"stats_tecido_GS";"fixo";"mutavel";"fixo";"fixo";"t1_Zn";"t / f";5,01136300543363e-53;TRUE
"stats_tecido_GS";"fixo";"mutavel";"fixo";"fixo";"t3_P";"t / f";3,94839649584893e-09;TRUE
"stats_tecido_GS";"fixo";"mutavel";"fixo";"fixo";"t3_S";"t / f";0;TRUE
"stats_tecido_GS";"fixo";"mutavel";"fixo";"fixo";"t3_K";"t / f";6,04631825478684e-25;TRUE
"stats_tecido_GS";"fixo";"mutavel";"fixo";"fixo";"t3_Ca";"t / f";1,55564750764896e-22;TRUE
"stats_tecido_GS";"fixo";"mutavel";"fixo";"fixo";"t3_Mn";"t / f";0;TRUE
"stats_tecido_GS";"fixo";"mutavel";"fixo";"fixo";"t3_Fe";"t / f";0;TRUE
"stats_tecido_GS";"fixo";"mutavel";"fixo";"fixo";"t3_Cu";"t / f";0;TRUE
"stats_tecido_GS";"fixo";"mutavel";"fixo";"fixo";"t3_Zn";"t / f";0;TRUE
"stats_tecido_GS";"fixo";"mutavel";"fixo";"fixo";"t5_P";"p / f";0;TRUE
"stats_tecido_GS";"fixo";"mutavel";"fixo";"fixo";"t5_P";"t / f";0;TRUE
"stats_tecido_GS";"fixo";"mutavel";"fixo";"fixo";"t5_P";"t / p";0;TRUE
"stats_tecido_GS";"fixo";"mutavel";"fixo";"fixo";"t5_S";"p / f";0;TRUE
"stats_tecido_GS";"fixo";"mutavel";"fixo";"fixo";"t5_S";"t / f";5,11522051399352e-38;TRUE
"stats_tecido_GS";"fixo";"mutavel";"fixo";"fixo";"t5_S";"t / p";0;TRUE
"stats_tecido_GS";"fixo";"mutavel";"fixo";"fixo";"t5_K";"p / f";0;TRUE
"stats_tecido_GS";"fixo";"mutavel";"fixo";"fixo";"t5_K";"t / f";0,0746125239034554;FALSE
"stats_tecido_GS";"fixo";"mutavel";"fixo";"fixo";"t5_K";"t / p";5,31851306755121e-307;TRUE
"stats_tecido_GS";"fixo";"mutavel";"fixo";"fixo";"t5_Ca";"p / f";2,18398152470921e-178;TRUE
"stats_tecido_GS";"fixo";"mutavel";"fixo";"fixo";"t5_Ca";"t / f";0;TRUE
"stats_tecido_GS";"fixo";"mutavel";"fixo";"fixo";"t5_Ca";"t / p";4,95342063251415e-47;TRUE
"stats_tecido_GS";"fixo";"mutavel";"fixo";"fixo";"t5_Mn";"p / f";2,39108012531968e-180;TRUE
"stats_tecido_GS";"fixo";"mutavel";"fixo";"fixo";"t5_Mn";"t / f";0;TRUE
"stats_tecido_GS";"fixo";"mutavel";"fixo";"fixo";"t5_Mn";"t / p";0;TRUE
"stats_tecido_GS";"fixo";"mutavel";"fixo";"fixo";"t5_Fe";"p / f";7,08620806743242e-118;TRUE
"stats_tecido_GS";"fixo";"mutavel";"fixo";"fixo";"t5_Fe";"t / f";0,000136118797377319;TRUE
"stats_tecido_GS";"fixo";"mutavel";"fixo";"fixo";"t5_Fe";"t / p";2,70745996162463e-63;TRUE
"stats_tecido_GS";"fixo";"mutavel";"fixo";"fixo";"t5_Cu";"p / f";1,07470522697609e-11;TRUE
"stats_tecido_GS";"fixo";"mutavel";"fixo";"fixo";"t5_Cu";"t / f";0;TRUE
"stats_tecido_GS";"fixo";"mutavel";"fixo";"fixo";"t5_Cu";"t / p";0;TRUE
"stats_tecido_GS";"fixo";"mutavel";"fixo";"fixo";"t5_Zn";"p / f";0;TRUE
"stats_tecido_GS";"fixo";"mutavel";"fixo";"fixo";"t5_Zn";"t / f";0;TRUE
"stats_tecido_GS";"fixo";"mutavel";"fixo";"fixo";"t5_Zn";"t / p";7,49801970396079e-48;TRUE
